Cultivar ,GWAS_Code
CHANTILLY,G1
Grignonnaise,G2
STARLETTE DE MOYENCOURT,G3
MINUE,G4
Aslak,G5
RANCH,G6
HATIVE DES ALPES,G7
GAILLETTE,G8
COSAQUE,G9
ANGUS (GARTONS 290),G10
AJ 66/16/3/1/2,G11
E 1588,G12
AJ 130/163/25,G13
AJ 121/24,G14
TAM FINLAY,G15
Bullion,G16
SANDY,G17
AYR BOUNTY,G18
HEN GARDIE,G19
KENT BERLIE,G20
EARL HAIG,G21
Lennon,G22
J_geva Agu,G23
WHITE SUPERBE,G24
Zuton,G25
Zalalovoi tf.,G26
Urai tf.,G27
Mersevati tf.,G28
Nagyredei tf.,G29
Lovaszpatonai sarga,G30
Pusztafoldvari tf.,G31
UJSZEGEDI,G32
Taplanszent Kereszti,G33
Gamasi tf.,G34
Karcagi,G35
Mocsai tf.,G36
Szeremlei tf.,G37
Szegedi,G38
Ecsi tf.,G39
Kecskemeti tf.,G40
Pocspetri tf.,G41
Monostorpalyi tf.,G42
Dregelypalanki tf.,G43
Anarcsi tf.,G44
Alsovadaszi D tf.,G45
Ravazdi tf.,G46
Gagybatory K Tajfajta,G47
Ungarischer,G48
Keszthelyi Tf,G49
Ayr Commander,G50
Glasnevin Ardri,G51
GLASNEVIN TRIUMPH,G52
H_marik,G53
Miku,G54
J_geva Koidukaer,G55
Nidar I,G56
Nidar Ii,G57
Grakall,G58
BIALY MAZUR,G59
Krezus,G60
Zuch,G61
Bogaty,G62
Gniady,G63
Berdysz,G64
Dippawski,G65
FILONG,G66
Borowiak,G67
Stoper,G68
Deresz,G69
Grajcar,G70
Breton,G71
Kwant,G72
Polar,G73
Bohun,G74
Cwal,G75
Furman,G76
Cacko,G77
Sam,G78
SW Ingeborg,G79
AVENY,G80
Lipoplus,G81
KENTUCKY,G82
Gunhild,G83
SW BETANIA,G84
Sang,G85
BLACK,G86
JUMP,G87
ORANA,G88
ORFINE,G89
PORETTO,G90
TENEBRA,G91
WHITE,G92
INTEGRALE,G93
FLORALE,G94
CORY,G95
DAISY,G96
NOIRINE,G97
BRIDDLE,G98
KYT√ñ,G99
Potato,G100
GORDON,G101
Glasnevin Major,G102
Tempo,G103
Avesta,G104
Ayr Ally,G105
Ayr Line,G106
Sandy,G107
Stomormont Iris,G108
Glasnevin sonas,G109
Tyrone Tawny,G110
Stormont arrow,G111
Tyrone 1994,G112
Glasnevin success No 10,G113
VICTOR,G114
Black rival NSGC USA,G115
TRIUMPH,G116
Wexford Tawny,G117
Black spring,G118
Glasnevin success No 3,G119
Glasnevin Bonstar,G120
BO54/33/14,G121
Caffreys No 1,G122
Irlande,G123
Freddy,G124
IRL029AVE0029,G125
SIMO,G126
JOKIKYL√Ñ ME0501,G127
SISKO,G128
KATRI,G129
JUUKA,G130
MAATIAISKAURA NR 29871,G131
RAJALA,G132
LANDSORTE JLITORMO,G133
WESTFINNISCHERCH,G134
HJA 71801,G135
HANKKIJA-773,G136
HANNES,G137
REIMA,G138
RYHTI,G139
VELI,G140
YTY,G141
OSMO,G142
PELLERVO,G143
KYRO,G144
ESA,G145
OSMO II; KAULIO AP0103,G146
KAPP,G147
LEILA,G148
LENA,G149
MARTIN,G150
MUNIN,G151
BEIAR,G152
NORUM,G153
BIKINI,G154
BIRI,G155
HEIN II,G156
NIDAR II,G157
ODIN,G158
POL,G159
RYGJA,G160
STRIND,G161
VOLL,G162
THORS MOISTAD,G163
TROND,G164
NIDAR,G165
FREJA,G166
STORK,G167
HEDVIG,G168
DAN,G169
SVEA,G170
FIX,G171
STORMOGUL II,G172
NIP,G173
LINDA,G174
SORBO,G175
NEMA,G176
NERO,G177
PONTA,G178
Conway,G179
Firth,G180
Canyon,G181
Rozmard,G182
Montrose,G183
Harmony,G184
Aspen,G185
Husky,G186
Mascani,G187
Yukon,G188
Vodka,G189
Barra,G190
Barra,G191
Barra,G192
Husky,G193
Husky,G194
Mascani,G195
Mascani,G196
Conway,G197
Conway,G198
Firth,G199
Firth,G200
