"Cultivar","Trial","Replicate","Toxin"
"AJ 121/24","T1","R1",204.15
"AJ 121/24","T1","R2",65.25
"AJ 121/24","T2","R3",677.1
"AJ 121/24","T2","R4",997.05
"AJ 130/163/25","T1","R1",47.3
"AJ 130/163/25","T1","R2",52.6
"AJ 130/163/25","T2","R3",20
"AJ 130/163/25","T2","R4",20
"AJ 66/16/3/1/2","T1","R1",305.65
"AJ 66/16/3/1/2","T1","R2",63.45
"AJ 66/16/3/1/2","T2","R3",46.5
"AJ 66/16/3/1/2","T2","R4",35.85
"Angus (Gartons 290)","T1","R1",441.8
"Angus (Gartons 290)","T1","R2",61.8
"Angus (Gartons 290)","T2","R3",39.45
"Angus (Gartons 290)","T2","R4",22.6
"Aveny","T1","R1",22.35
"Aveny","T1","R2",31
"Aveny","T2","R3",41.35
"Aveny","T2","R4",20.2
"Ayr Bounty","T1","R1",20
"Ayr Bounty","T1","R2",131.5
"Ayr Bounty","T2","R3",20
"Ayr Bounty","T2","R4",31.5
"Alsovadaszi D tf","T1","R1",220.05
"Alsovadaszi D tf","T1","R2",252.2
"Alsovadaszi D tf","T2","R3",34.2
"Alsovadaszi D tf","T2","R4",21.55
"Anarcsi tf","T1","R1",39.7
"Anarcsi tf","T1","R2",342.3
"Anarcsi tf","T2","R3",21.2
"Anarcsi tf","T2","R4",25.65
"Ayr Commander","T1","R1",20
"Ayr Commander","T1","R2",20
"Ayr Commander","T2","R3",234.85
"Ayr Commander","T2","R4",836.3
"Bialy Mazur","T1","R1",39.85
"Bialy Mazur","T1","R2",43.85
"Bialy Mazur","T2","R3",42.8
"Bialy Mazur","T2","R4",30.55
"Berdysz","T1","R1",153.65
"Berdysz","T1","R2",86.2
"Berdysz","T2","R3",20
"Berdysz","T2","R4",21.25
"Bogaty","T1","R1",223.35
"Bogaty","T1","R2",20
"Bogaty","T2","R3",220.35
"Bogaty","T2","R4",56.7
"Bohun","T1","R1",149.35
"Bohun","T1","R2",146.95
"Bohun","T2","R3",401
"Bohun","T2","R4",263.75
"Borowiak","T1","R1",122.25
"Borowiak","T1","R2",235.4
"Borowiak","T2","R3",44.8
"Borowiak","T2","R4",69.95
"Breton","T1","R1",70.35
"Breton","T1","R2",34.45
"Breton","T2","R3",60.8
"Breton","T2","R4",113.55
"Bullion","T1","R1",20
"Bullion","T1","R2",20
"Bullion","T2","R3",20
"Bullion","T2","R4",20
"Chantilly","T1","R1",76.95
"Chantilly","T1","R2",90.7
"Chantilly","T2","R3",28.5
"Chantilly","T2","R4",22.6
"Cosaque","T1","R1",77.8
"Cosaque","T1","R2",49.05
"Cosaque","T2","R3",222.5
"Cosaque","T2","R4",270.6
"Cacko","T1","R1",20
"Cacko","T1","R2",20
"Cacko","T2","R3",20
"Cacko","T2","R4",20
"Cwal","T1","R1",282.4
"Cwal","T1","R2",54.85
"Cwal","T2","R3",230.7
"Cwal","T2","R4",20
"Deresz","T1","R1",20
"Deresz","T1","R2",20
"Deresz","T2","R3",355.45
"Deresz","T2","R4",398.55
"Dippawski","T1","R1",599.1
"Dippawski","T1","R2",117.75
"Dippawski","T2","R3",409.95
"Dippawski","T2","R4",264.35
"Dregelypalanki tf","T1","R1",36.25
"Dregelypalanki tf","T1","R2",65.05
"Dregelypalanki tf","T2","R3",20
"Dregelypalanki tf","T2","R4",20
"E 1588","T1","R1",20
"E 1588","T1","R2",142.4
"E 1588","T2","R3",20
"E 1588","T2","R4",20
"Early Haig","T1","R1",75.2
"Early Haig","T1","R2",125.2
"Early Haig","T2","R3",20
"Early Haig","T2","R4",20.8
"Ecsi tf","T1","R1",471
"Ecsi tf","T1","R2",144
"Ecsi tf","T2","R3",22.5
"Ecsi tf","T2","R4",20
"Filong","T1","R1",52.05
"Filong","T1","R2",289.85
"Filong","T2","R3",438.35
"Filong","T2","R4",69.25
"Furman","T1","R1",46.65
"Furman","T1","R2",77.4
"Furman","T2","R3",38.8
"Furman","T2","R4",1000
"Gaillette","T1","R1",56.3
"Gaillette","T1","R2",70.85
"Gaillette","T2","R3",46.25
"Gaillette","T2","R4",21.1
"Gagybatory K Tajfajta","T1","R1",20
"Gagybatory K Tajfajta","T1","R2",38.55
"Gagybatory K Tajfajta","T2","R3",82.85
"Gagybatory K Tajfajta","T2","R4",80.45
"Gamasi tf","T1","R1",35.05
"Gamasi tf","T1","R2",20.5
"Gamasi tf","T2","R3",34.35
"Gamasi tf","T2","R4",25.05
"Glasnevin Ardri","T1","R1",187.35
"Glasnevin Ardri","T1","R2",20
"Glasnevin Ardri","T2","R3",20
"Glasnevin Ardri","T2","R4",21.6
"Gniady","T1","R1",205.7
"Gniady","T1","R2",480.4
"Gniady","T2","R3",43.45
"Gniady","T2","R4",24.05
"Grajcar","T1","R1",53.45
"Grajcar","T1","R2",38.8
"Grajcar","T2","R3",29
"Grajcar","T2","R4",28
"Grakall","T1","R1",31.15
"Grakall","T1","R2",351.75
"Grakall","T2","R3",76.4
"Grakall","T2","R4",43.9
"Grignonnaise","T1","R1",91.25
"Grignonnaise","T1","R2",130.55
"Grignonnaise","T2","R3",20
"Grignonnaise","T2","R4",20
"Gunhild","T1","R1",157.3
"Gunhild","T1","R2",105.75
"Gunhild","T2","R3",645.5
"Gunhild","T2","R4",745
"Hative Des Alpes","T1","R1",20
"Hative Des Alpes","T1","R2",20
"Hative Des Alpes","T2","R3",20
"Hative Des Alpes","T2","R4",20
"Hen Gardie","T1","R1",94.2
"Hen Gardie","T1","R2",143.45
"Hen Gardie","T2","R3",26.4
"Hen Gardie","T2","R4",56.85
"H marik","T1","R1",93
"H marik","T1","R2",68
"H marik","T2","R3",82.25
"H marik","T2","R4",137.7
"J geva Agu","T1","R1",299.3
"J geva Agu","T1","R2",25.55
"J geva Agu","T2","R3",20.25
"J geva Agu","T2","R4",152
"J geva koidukaer","T1","R1",381.8
"J geva koidukaer","T1","R2",272.65
"J geva koidukaer","T2","R3",22.9
"J geva koidukaer","T2","R4",20
"Kent Berlie","T1","R1",1000
"Kent Berlie","T1","R2",1000
"Kent Berlie","T2","R3",154.85
"Kent Berlie","T2","R4",137.05
"Kentucky","T1","R1",20
"Kentucky","T1","R2",21.2
"Kentucky","T2","R3",22.9
"Kentucky","T2","R4",20
"Karcagi","T1","R1",112.75
"Karcagi","T1","R2",20
"Karcagi","T2","R3",20
"Karcagi","T2","R4",20
"Kecskemeti tf","T1","R1",25.25
"Kecskemeti tf","T1","R2",91
"Kecskemeti tf","T2","R3",21
"Kecskemeti tf","T2","R4",20
"Keszthelyi Tf","T1","R1",117.8
"Keszthelyi Tf","T1","R2",46.6
"Keszthelyi Tf","T2","R3",34.9
"Keszthelyi Tf","T2","R4",20
"Krezus","T1","R1",24.55
"Krezus","T1","R2",96.05
"Krezus","T2","R3",236.4
"Krezus","T2","R4",225.3
"Kwant","T1","R1",20
"Kwant","T1","R2",20
"Kwant","T2","R3",20
"Kwant","T2","R4",20
"Lennon","T1","R1",358.85
"Lennon","T1","R2",1000
"Lennon","T2","R3",20
"Lennon","T2","R4",20
"Lipoplus","T1","R1",55.75
"Lipoplus","T1","R2",317.95
"Lipoplus","T2","R3",47.35
"Lipoplus","T2","R4",35.05
"Lovaszpatonai sarga","T1","R1",20
"Lovaszpatonai sarga","T1","R2",40.9
"Lovaszpatonai sarga","T2","R3",20
"Lovaszpatonai sarga","T2","R4",20
"Minue","T1","R1",20
"Minue","T1","R2",20
"Minue","T2","R3",56.4
"Minue","T2","R4",20
"Mersevati tf","T1","R1",20
"Mersevati tf","T1","R2",20
"Mersevati tf","T2","R3",52.6
"Mersevati tf","T2","R4",20
"Miku","T1","R1",98.6
"Miku","T1","R2",278.45
"Miku","T2","R3",20
"Miku","T2","R4",20
"Mocsai tf","T1","R1",20
"Mocsai tf","T1","R2",282.7
"Mocsai tf","T2","R3",20
"Mocsai tf","T2","R4",20
"Monostorpalyi tf","T1","R1",154.4
"Monostorpalyi tf","T1","R2",35.4
"Monostorpalyi tf","T2","R3",20
"Monostorpalyi tf","T2","R4",20
"Nidar","T1","R1",58.2
"Nidar","T1","R2",60.7
"Nidar","T2","R3",35.65
"Nidar","T2","R4",20
"Nagyredei tf","T1","R1",35.4
"Nagyredei tf","T1","R2",20
"Nagyredei tf","T2","R3",20
"Nagyredei tf","T2","R4",28.5
"Nidar I","T1","R1",76.5
"Nidar I","T1","R2",22
"Nidar I","T2","R3",20
"Nidar I","T2","R4",21.55
"Nidar Ii","T1","R1",159.8
"Nidar Ii","T1","R2",192
"Nidar Ii","T2","R3",20
"Nidar Ii","T2","R4",291.65
"Pocspetri tf","T1","R1",25
"Pocspetri tf","T1","R2",50.05
"Pocspetri tf","T2","R3",147.25
"Pocspetri tf","T2","R4",132.3
"Polar","T1","R1",20.6
"Polar","T1","R2",20
"Polar","T2","R3",20
"Polar","T2","R4",23.3
"Pusztafoldvari tf","T1","R1",34.95
"Pusztafoldvari tf","T1","R2",91.95
"Pusztafoldvari tf","T2","R3",20
"Pusztafoldvari tf","T2","R4",20
"Ranch","T1","R1",327.15
"Ranch","T1","R2",89.45
"Ranch","T2","R3",58
"Ranch","T2","R4",28.3
"Ravazdi tf","T1","R1",310.45
"Ravazdi tf","T1","R2",188.95
"Ravazdi tf","T2","R3",25
"Ravazdi tf","T2","R4",84.05
"Sandy","T1","R1",203.75
"Sandy","T1","R2",43.3
"Sandy","T2","R3",93.15
"Sandy","T2","R4",49.55
"Starlette De Moyencourt","T1","R1",25.1
"Starlette De Moyencourt","T1","R2",41.85
"Starlette De Moyencourt","T2","R3",47.85
"Starlette De Moyencourt","T2","R4",164.15
"SW Betania","T1","R1",50.1
"SW Betania","T1","R2",20
"SW Betania","T2","R3",196.4
"SW Betania","T2","R4",187.6
"SW Ingleborg","T1","R1",34.1
"SW Ingleborg","T1","R2",153.05
"SW Ingleborg","T2","R3",1000
"SW Ingleborg","T2","R4",843.75
"Sam","T1","R1",20
"Sam","T1","R2",21.05
"Sam","T2","R3",20
"Sam","T2","R4",20
"Sang","T1","R1",80.35
"Sang","T1","R2",21.2
"Sang","T2","R3",342.35
"Sang","T2","R4",385.1
"Stoper","T1","R1",22.05
"Stoper","T1","R2",70.6
"Stoper","T2","R3",20
"Stoper","T2","R4",21.05
"Szegedi","T1","R1",20
"Szegedi","T1","R2",79.35
"Szegedi","T2","R3",189.1
"Szegedi","T2","R4",26.95
"Szeremlei tf","T1","R1",43.5
"Szeremlei tf","T1","R2",20
"Szeremlei tf","T2","R3",20
"Szeremlei tf","T2","R4",36.1
"Tam Finlay","T1","R1",297.5
"Tam Finlay","T1","R2",440.75
"Tam Finlay","T2","R3",116.05
"Tam Finlay","T2","R4",111.9
"Taplanszent Kereszti","T1","R1",74.65
"Taplanszent Kereszti","T1","R2",205.4
"Taplanszent Kereszti","T2","R3",1000
"Taplanszent Kereszti","T2","R4",875.8
"Ujszegedi","T1","R1",97.65
"Ujszegedi","T1","R2",191.7
"Ujszegedi","T2","R3",28.5
"Ujszegedi","T2","R4",20
"Ungarischer","T1","R1",185.55
"Ungarischer","T1","R2",106.65
"Ungarischer","T2","R3",130.85
"Ungarischer","T2","R4",178.15
"Urai tf","T1","R1",181.2
"Urai tf","T1","R2",221.1
"Urai tf","T2","R3",30
"Urai tf","T2","R4",25
"White Superb","T1","R1",312.9
"White Superb","T1","R2",125.1
"White Superb","T2","R3",20
"White Superb","T2","R4",45.6
"Yukon","T1","R1",20
"Yukon","T1","R2",20
"Yukon","T2","R3",20
"Yukon","T2","R4",22.3
"Zalalovoi tf","T1","R1",20
"Zalalovoi tf","T1","R2",94.6
"Zalalovoi tf","T2","R3",23.1
"Zalalovoi tf","T2","R4",20
"Zuch","T1","R1",161.1
"Zuch","T1","R2",68.55
"Zuch","T2","R3",28.8
"Zuch","T2","R4",141.1
"Zuton","T1","R1",20
"Zuton","T1","R2",20
"Zuton","T2","R3",20
"Zuton","T2","R4",20
"Black","T1","R1",177.6
"Black","T1","R2",309.05
"Black","T2","R3",20
"Black","T2","R4",27.25
"Briddle","T1","R1",130.05
"Briddle","T1","R2",21.55
"Briddle","T2","R3",21
"Briddle","T2","R4",20
"Cory","T1","R1",27.75
"Cory","T1","R2",100.15
"Cory","T2","R3",47.15
"Cory","T2","R4",79.65
"Daisy","T1","R1",51.8
"Daisy","T1","R2",438.6
"Daisy","T2","R3",68.15
"Daisy","T2","R4",23.05
"Florale","T1","R1",216.7
"Florale","T1","R2",29.75
"Florale","T2","R3",20
"Florale","T2","R4",25
"Integrale","T1","R1",548.6
"Integrale","T1","R2",83.75
"Integrale","T2","R3",97.7
"Integrale","T2","R4",91.75
"Jump","T1","R1",20
"Jump","T1","R2",35.25
"Jump","T2","R3",78.5
"Jump","T2","R4",88.3
"Noirine","T1","R1",69.75
"Noirine","T1","R2",88.55
"Noirine","T2","R3",20
"Noirine","T2","R4",28.4
"Orana","T1","R1",20
"Orana","T1","R2",290.45
"Orana","T2","R3",20
"Orana","T2","R4",20
"Orfine","T1","R1",48.6
"Orfine","T1","R2",113.1
"Orfine","T2","R3",20
"Orfine","T2","R4",89.1
"Poretto","T1","R1",146
"Poretto","T1","R2",149.9
"Poretto","T2","R3",66.3
"Poretto","T2","R4",42.2
"Tenebra","T1","R1",20
"Tenebra","T1","R2",20
"Tenebra","T2","R3",20
"Tenebra","T2","R4",20
"White","T1","R1",20
"White","T1","R2",77.15
"White","T2","R3",37.35
"White","T2","R4",30.45
"Gordon","T1","R1",280
"Gordon","T1","R2",378.85
"Gordon","T2","R3",20
"Gordon","T2","R4",20
"Tempo","T1","R1",33
"Tempo","T1","R2",20
"Tempo","T2","R3",61
"Tempo","T2","R4",63.3
"Glasnevin Triumph","T1","R1",287.45
"Glasnevin Triumph","T1","R2",53.9
"Glasnevin Triumph","T2","R3",168.8
"Glasnevin Triumph","T2","R4",20
"Glasnevin Major","T1","R1",210.8
"Glasnevin Major","T1","R2",175.1
"Glasnevin Major","T2","R3",54.9
"Glasnevin Major","T2","R4",24.2
"Potato","T1","R1",103.8
"Potato","T1","R2",402.6
"Potato","T2","R3",625.85
"Potato","T2","R4",1000
"Avesta","T1","R1",20.95
"Avesta","T1","R2",85.15
"Avesta","T2","R3",50
"Avesta","T2","R4",32.6
"Ayr Ally","T1","R1",1000
"Ayr Ally","T1","R2",264.55
"Ayr Ally","T2","R3",376.3
"Ayr Ally","T2","R4",157.65
"Ayr Line","T1","R1",144.6
"Ayr Line","T1","R2",252.9
"Ayr Line","T2","R3",20
"Ayr Line","T2","R4",44.45
"BO54/33/14","T1","R1",22.3
"BO54/33/14","T1","R2",271.35
"BO54/33/14","T2","R3",235.4
"BO54/33/14","T2","R4",20
"Black rival NSGC USA","T1","R1",64.5
"Black rival NSGC USA","T1","R2",20
"Black rival NSGC USA","T2","R3",20
"Black rival NSGC USA","T2","R4",20
"Black spring","T1","R1",20
"Black spring","T1","R2",20
"Black spring","T2","R3",65.6
"Black spring","T2","R4",20
"Caffreys No 1","T1","R1",148.4
"Caffreys No 1","T1","R2",222.15
"Caffreys No 1","T2","R3",20
"Caffreys No 1","T2","R4",23.85
"Freddy","T1","R1",382.4
"Freddy","T1","R2",174.3
"Freddy","T2","R3",93.95
"Freddy","T2","R4",33.6
"Glasnevin Bonstar","T1","R1",379.75
"Glasnevin Bonstar","T1","R2",412.65
"Glasnevin Bonstar","T2","R3",127.9
"Glasnevin Bonstar","T2","R4",22.35
"Glasnevin sonas","T1","R1",175.45
"Glasnevin sonas","T1","R2",41.9
"Glasnevin sonas","T2","R3",20
"Glasnevin sonas","T2","R4",53.45
"Glasnevin success No 10","T1","R1",221.8
"Glasnevin success No 10","T1","R2",324.6
"Glasnevin success No 10","T2","R3",60.5
"Glasnevin success No 10","T2","R4",20
"Glasnevin success No 3","T1","R1",171.55
"Glasnevin success No 3","T1","R2",200.75
"Glasnevin success No 3","T2","R3",20
"Glasnevin success No 3","T2","R4",65.9
"IRL029AVE0029","T1","R1",24.05
"IRL029AVE0029","T1","R2",296.05
"IRL029AVE0029","T2","R3",20
"IRL029AVE0029","T2","R4",24.15
"Irlande","T1","R1",161.9
"Irlande","T1","R2",69.55
"Irlande","T2","R3",53.5
"Irlande","T2","R4",142.8
"SandyIr","T1","R1",20
"SandyIr","T1","R2",72
"SandyIr","T2","R3",20
"SandyIr","T2","R4",20
"Stomormont Iris","T1","R1",964.2
"Stomormont Iris","T1","R2",352.5
"Stomormont Iris","T2","R3",24.05
"Stomormont Iris","T2","R4",25.25
"Stormont Arrow","T1","R1",185.4
"Stormont Arrow","T1","R2",184.5
"Stormont Arrow","T2","R3",159.6
"Stormont Arrow","T2","R4",66.5
"Triumph","T1","R1",561.6
"Triumph","T1","R2",244.75
"Triumph","T2","R3",24.75
"Triumph","T2","R4",20
"Tyrone 1994","T1","R1",68.3
"Tyrone 1994","T1","R2",20
"Tyrone 1994","T2","R3",275.25
"Tyrone 1994","T2","R4",58.35
"Tyrone Tawny","T1","R1",20
"Tyrone Tawny","T1","R2",20
"Tyrone Tawny","T2","R3",20
"Tyrone Tawny","T2","R4",34.4
"Victor","T1","R1",512.7
"Victor","T1","R2",1000
"Victor","T2","R3",30.35
"Victor","T2","R4",20
"Wexford Tawny","T1","R1",20
"Wexford Tawny","T1","R2",20
"Wexford Tawny","T2","R3",20
"Wexford Tawny","T2","R4",20
"Aslak","T1","R1",293.4
"Aslak","T1","R2",283.35
"Aslak","T2","R3",174.65
"Aslak","T2","R4",180.6
"Beiar","T1","R1",155.45
"Beiar","T1","R2",75.25
"Beiar","T2","R3",37.65
"Beiar","T2","R4",50.1
"Bikini","T1","R1",361.6
"Bikini","T1","R2",163.35
"Bikini","T2","R3",20
"Bikini","T2","R4",98.55
"Biri","T1","R1",206.6
"Biri","T1","R2",76.35
"Biri","T2","R3",199.8
"Biri","T2","R4",241.4
"Dan","T1","R1",71
"Dan","T1","R2",88.15
"Dan","T2","R3",20
"Dan","T2","R4",20
"Esa","T1","R1",231.05
"Esa","T1","R2",179.45
"Esa","T2","R3",213.75
"Esa","T2","R4",185
"Fix","T1","R1",231.75
"Fix","T1","R2",329.8
"Fix","T2","R3",212.05
"Fix","T2","R4",49.5
"Freja","T1","R1",20
"Freja","T1","R2",20.95
"Freja","T2","R3",20
"Freja","T2","R4",24.25
"Hankkija-773","T1","R1",341.6
"Hankkija-773","T1","R2",61.65
"Hankkija-773","T2","R3",43.25
"Hankkija-773","T2","R4",35.6
"Hannes","T1","R1",20.95
"Hannes","T1","R2",92.15
"Hannes","T2","R3",20
"Hannes","T2","R4",29.75
"Hedvig","T1","R1",50.95
"Hedvig","T1","R2",143
"Hedvig","T2","R3",71.2
"Hedvig","T2","R4",30.5
"Hein II","T1","R1",184.45
"Hein II","T1","R2",613.85
"Hein II","T2","R3",20
"Hein II","T2","R4",20
"Hja 71801","T1","R1",48.65
"Hja 71801","T1","R2",83.25
"Hja 71801","T2","R3",41.05
"Hja 71801","T2","R4",312.1
"Jokikyla ME0501","T1","R1",170.25
"Jokikyla ME0501","T1","R2",29.15
"Jokikyla ME0501","T2","R3",24.75
"Jokikyla ME0501","T2","R4",23.35
"Juuka","T1","R1",145.9
"Juuka","T1","R2",59.8
"Juuka","T2","R3",20
"Juuka","T2","R4",110.7
"Kapp","T1","R1",347.6
"Kapp","T1","R2",336.3
"Kapp","T2","R3",125.4
"Kapp","T2","R4",147.5
"Katri","T1","R1",67.1
"Katri","T1","R2",20
"Katri","T2","R3",20
"Katri","T2","R4",86.9
"Kyro","T1","R1",132.85
"Kyro","T1","R2",38.65
"Kyro","T2","R3",20
"Kyro","T2","R4",20.9
"Kyto","T1","R1",52.6
"Kyto","T1","R2",382.35
"Kyto","T2","R3",30.1
"Kyto","T2","R4",20
"Landsorte Jlitormo","T1","R1",34.45
"Landsorte Jlitormo","T1","R2",26.95
"Landsorte Jlitormo","T2","R3",20
"Landsorte Jlitormo","T2","R4",40.35
"Leila","T1","R1",341.7
"Leila","T1","R2",41.95
"Leila","T2","R3",88.55
"Leila","T2","R4",306.05
"Lena","T1","R1",435.1
"Lena","T1","R2",212.65
"Lena","T2","R3",77.4
"Lena","T2","R4",75.6
"Linda","T1","R1",124.5
"Linda","T1","R2",340.65
"Linda","T2","R3",191.25
"Linda","T2","R4",101.65
"Maatiaiskaura NR 29871","T1","R1",20
"Maatiaiskaura NR 29871","T1","R2",51.1
"Maatiaiskaura NR 29871","T2","R3",464
"Maatiaiskaura NR 29871","T2","R4",453
"Martin","T1","R1",280.65
"Martin","T1","R2",151.05
"Martin","T2","R3",66.9
"Martin","T2","R4",101.8
"Munin","T1","R1",806.3
"Munin","T1","R2",180.85
"Munin","T2","R3",37.4
"Munin","T2","R4",51.4
"Nema","T1","R1",112.25
"Nema","T1","R2",83.35
"Nema","T2","R3",24.2
"Nema","T2","R4",25
"Nero","T1","R1",23.35
"Nero","T1","R2",89.85
"Nero","T2","R3",43.75
"Nero","T2","R4",25.65
"NIDAR II","T1","R1",126.6
"NIDAR II","T1","R2",260.75
"NIDAR II","T2","R3",31.45
"NIDAR II","T2","R4",34.15
"Nip","T1","R1",148.5
"Nip","T1","R2",37
"Nip","T2","R3",514.15
"Nip","T2","R4",184.95
"Norum","T1","R1",592.7
"Norum","T1","R2",43.1
"Norum","T2","R3",20
"Norum","T2","R4",20
"Odin","T1","R1",345.95
"Odin","T1","R2",134.95
"Odin","T2","R3",20
"Odin","T2","R4",20
"Osmo","T1","R1",55.7
"Osmo","T1","R2",106.35
"Osmo","T2","R3",24
"Osmo","T2","R4",40.4
"OSMO II KAULIO AP0103","T1","R1",47.75
"OSMO II KAULIO AP0103","T1","R2",58.7
"OSMO II KAULIO AP0103","T2","R3",115.5
"OSMO II KAULIO AP0103","T2","R4",499.9
"Pellervo","T1","R1",117.35
"Pellervo","T1","R2",225.45
"Pellervo","T2","R3",21.75
"Pellervo","T2","R4",20
"Pol","T1","R1",374.05
"Pol","T1","R2",303.5
"Pol","T2","R3",884.9
"Pol","T2","R4",205
"Ponta","T1","R1",219
"Ponta","T1","R2",517.95
"Ponta","T2","R3",20
"Ponta","T2","R4",23.95
"Rajala","T1","R1",224.25
"Rajala","T1","R2",254.45
"Rajala","T2","R3",20
"Rajala","T2","R4",20
"Reima","T1","R1",21.15
"Reima","T1","R2",104.65
"Reima","T2","R3",64.3
"Reima","T2","R4",35.8
"Rygja","T1","R1",20.55
"Rygja","T1","R2",20
"Rygja","T2","R3",20
"Rygja","T2","R4",20.85
"Ryhti","T1","R1",289.55
"Ryhti","T1","R2",270.4
"Ryhti","T2","R3",20
"Ryhti","T2","R4",40.75
"Simo","T1","R1",129.3
"Simo","T1","R2",167.75
"Simo","T2","R3",20
"Simo","T2","R4",72.9
"Sisko","T1","R1",356.8
"Sisko","T1","R2",425.95
"Sisko","T2","R3",285.283333333333
"Sisko","T2","R4",73.1
"Sorbo","T1","R1",314.55
"Sorbo","T1","R2",297.8
"Sorbo","T2","R3",31
"Sorbo","T2","R4",20.05
"Stork","T1","R1",40.7
"Stork","T1","R2",40.1
"Stork","T2","R3",56.3
"Stork","T2","R4",38.5
"Stormogul II","T1","R1",20
"Stormogul II","T1","R2",56.45
"Stormogul II","T2","R3",48.5
"Stormogul II","T2","R4",202.8
"Strind","T1","R1",20
"Strind","T1","R2",25.6
"Strind","T2","R3",393.4
"Strind","T2","R4",29.3
"Svea","T1","R1",107.75
"Svea","T1","R2",20
"Svea","T2","R3",51.6
"Svea","T2","R4",277.8
"Thors Moistad","T1","R1",20
"Thors Moistad","T1","R2",75.8
"Thors Moistad","T2","R3",98.85
"Thors Moistad","T2","R4",225.85
"Trond","T1","R1",20
"Trond","T1","R2",20
"Trond","T2","R3",59.1
"Trond","T2","R4",39.95
"Veli","T1","R1",106.45
"Veli","T1","R2",121.2
"Veli","T2","R3",24.85
"Veli","T2","R4",20
"Voll","T1","R1",84.2
"Voll","T1","R2",57.2
"Voll","T2","R3",88
"Voll","T2","R4",52.95
"Westfinnischerch","T1","R1",89.2
"Westfinnischerch","T1","R2",50.85
"Westfinnischerch","T2","R3",44.95
"Westfinnischerch","T2","R4",249.75
"Yty","T1","R1",103.7
"Yty","T1","R2",227
"Yty","T2","R3",20
"Yty","T2","R4",23.5
"Aspen","T1","R1",87.45
"Aspen","T1","R2",66.8
"Aspen","T2","R3",561.9
"Aspen","T2","R4",22.5
"Barra","T1","R1",25.8
"Barra","T1","R2",20.9
"Barra","T2","R3",44.1
"Barra","T2","R4",37.6
"Canyon","T1","R1",20
"Canyon","T1","R2",20
"Canyon","T2","R3",58.65
"Canyon","T2","R4",20
"Conway","T1","R1",56.85
"Conway","T1","R2",164.9
"Conway","T2","R3",134.5
"Conway","T2","R4",79.8
"Firth","T1","R1",20
"Firth","T1","R2",20
"Firth","T2","R3",20
"Firth","T2","R4",20
"Harmony","T1","R1",20
"Harmony","T1","R2",25.1
"Harmony","T2","R3",26.45
"Harmony","T2","R4",20
"Husky","T1","R1",174.9
"Husky","T1","R2",121.7
"Husky","T2","R3",57.4
"Husky","T2","R4",65.9
"Mascani","T1","R1",20
"Mascani","T1","R2",20
"Mascani","T2","R3",20
"Mascani","T2","R4",21.5
"Montrose","T1","R1",20
"Montrose","T1","R2",20
"Montrose","T2","R3",20
"Montrose","T2","R4",20
"Romzard","T1","R1",24
"Romzard","T1","R2",21.05
"Romzard","T2","R3",20
"Romzard","T2","R4",20
"Vodka","T1","R1",42.15
"Vodka","T1","R2",22.25
"Vodka","T2","R3",331.95
"Vodka","T2","R4",297.25
