"Cultivar","mean_toxin","median_toxin","sd_toxin","min_toxin","max_toxin"
"Bullion",20,20,0,20,20
"Cacko",20,20,0,20,20
"Firth",20,20,0,20,20
"Hative Des Alpes",20,20,0,20,20
"Kwant",20,20,0,20,20
"Montrose",20,20,0,20,20
"Tenebra",20,20,0,20,20
"Wexford Tawny",20,20,0,20,20
"Zuton",20,20,0,20,20
"Sam",20.2625,20,0.525,20,21.05
"Rygja",20.35,20.275,0.422295315310665,20,20.85
"Mascani",20.375,20,0.75,20,21.5
"Yukon",20.575,20,1.15,20,22.3
"Polar",20.975,20.3,1.57559512565887,20,23.3
"Kentucky",21.025,20.6,1.37204227340122,20,22.9
"Romzard",21.2625,20.525,1.89093230973507,20,24
"Freja",21.3,20.475,2.01701098988908,20,24.25
"Harmony",22.8875,22.55,3.37944152190861,20,26.45
"Tyrone Tawny",23.6,20,7.2,20,34.4
"Lovaszpatonai sarga",25.225,20,10.45,20,40.9
"Nagyredei tf",25.975,24.25,7.4522368006749,20,35.4
"Mersevati tf",28.15,20,16.3,20,52.6
"Aveny",28.725,26.675,9.62431815766707,20.2,41.35
"Gamasi tf",28.7375,29.7,7.13680308915227,20.5,35.05
"Minue",29.1,20,18.2,20,56.4
"Canyon",29.6625,20,19.325,20,58.65
"Szeremlei tf",29.9,28.05,11.823986919253,20,43.5
"Landsorte Jlitormo",30.4375,30.7,8.85930537156648,20,40.35
"Black rival NSGC USA",31.125,20,22.25,20,64.5
"Black spring",31.4,20,22.8,20,65.6
"Barra",32.1,31.7,10.6361020428852,20.9,44.1
"SandyIr",33,20,26,20,72
"Stoper",33.425,21.55,24.7974629078595,20,70.6
"Trond",34.7625,29.975,18.7535496639969,20,59.1
"AJ 130/163/25",34.975,33.65,17.4264884586654,20,52.6
"Nidar I",35.0125,21.775,27.6715972012218,20,76.5
"Dregelypalanki tf",35.325,28.125,21.2457250601935,20,65.05
"Grajcar",37.3125,33.9,11.8103326935922,28,53.45
"Bialy Mazur",39.2625,41.325,6.05012052221551,30.55,43.85
"Kecskemeti tf",39.3125,23.125,34.5334228200256,20,91
"Zalalovoi tf",39.425,21.55,36.8123507354076,20,94.6
"Hannes",40.7125,25.35,34.5714567960333,20,92.15
"White",41.2375,33.9,24.9814723011542,20,77.15
"Pusztafoldvari tf",41.725,27.475,34.2169670387855,20,91.95
"Karcagi",43.1875,20,46.375,20,112.75
"Nidar",43.6375,46.925,19.3711716647875,20,60.7
"Stork",43.9,40.4,8.31865373723417,38.5,56.3
"Tempo",44.325,47,21.2764932887604,20,63.3
"Nero",45.65,34.7,30.846609754288,23.35,89.85
"Avesta",47.175,41.3,27.9896558273469,20.95,85.15
"Briddle",48.15,21.275,54.603769711135,20,130.05
"Katri",48.5,43.55,33.8871657121099,20,86.9
"Gaillette",48.625,51.275,20.9453455450131,21.1,70.85
"Dan",49.7875,45.5,35.1010060397134,20,88.15
"E 1588",50.6,20,61.2,20,142.4
"Ayr Bounty",50.75,25.75,54.1056066102827,20,131.5
"Noirine",51.675,49.075,32.8202300418507,20,88.55
"Kyro",53.1,29.775,53.8557177403972,20,132.85
"Chantilly",54.6875,52.725,34.1950867572131,22.6,90.7
"Keszthelyi Tf",54.825,40.75,43.3716016920442,20,117.8
"Gagybatory K Tajfajta",55.4625,59.5,31.1879884731286,20,82.85
"Jump",55.5125,56.875,33.041145435149,20,88.3
"Reima",56.475,50.05,36.7757732753507,21.15,104.65
"Osmo",56.6125,48.05,35.5952800007716,24,106.35
"Monostorpalyi tf",57.45,27.7,65.0397570721171,20,154.4
"Early Haig",60.3,48,50.3929889303396,20,125.2
"Nema",61.2,54.175,43.8792471828464,24.2,112.25
"Jokikyla ME0501",61.875,26.95,72.2922483165842,23.35,170.25
"Glasnevin Ardri",62.2375,20.8,83.4117435277152,20,187.35
"Cory",63.675,63.4,32.4001414605965,27.75,100.15
"Grignonnaise",65.45,55.625,54.8788210514767,20,130.55
"Orfine",67.7,68.85,41.4697480098445,20,113.1
"Veli",68.125,65.65,53.1491690120049,20,121.2
"Starlette De Moyencourt",69.7375,44.85,63.6736519946307,25.1,164.15
"Breton",69.7875,65.575,32.8886346883945,34.45,113.55
"Berdysz",70.275,53.725,63.6029939022789,20,153.65
"Voll",70.5875,70.7,18.0628705267647,52.95,88
"Glasnevin sonas",72.7,47.675,69.890521531893,20,175.45
"Florale",72.8625,27.375,95.9742619577423,20,216.7
"Hedvig",73.9125,61.075,48.9638025313939,30.5,143
"Szegedi",78.85,53.15,78.1286225826788,20,189.1
"Beiar",79.6125,62.675,52.9219452747787,37.65,155.45
"Hen Gardie",80.225,75.525,50.4520316736601,26.4,143.45
"Stormogul II",81.9375,52.475,82.0806044385639,20,202.8
"Juuka",84.1,85.25,55.4559885554903,20,145.9
"Ujszegedi",84.4625,63.075,79.5005385201886,20,191.7
"Mocsai tf",85.675,20,131.35,20,282.7
"Orana",87.6125,20,135.225,20,290.45
"Pocspetri tf",88.65,91.175,60.223375860209,25,147.25
"IRL029AVE0029",91.0625,24.1,136.672006247317,20,296.05
"Yty",93.55,63.6,97.002628830357,20,227
"H marik",95.2375,87.625,30.1033047742824,68,137.7
"Pellervo",96.1375,69.55,97.4715546112471,20,225.45
"Sandy",97.4375,71.35,74.262623786577,43.3,203.75
"Simo",97.4875,101.1,64.6985622586262,20,167.75
"Zuch",99.8875,104.825,61.8625138916937,28.8,161.1
"Poretto",101.1,106.15,55.0081812097073,42.2,149.9
"Caffreys No 1",103.6,86.125,99.0120615548092,20,222.15
"Miku",104.2625,59.3,121.892967906274,20,278.45
"Husky",104.975,93.8,54.6487801022737,57.4,174.9
"Thors Moistad",105.125,87.325,87.0251352579625,20,225.85
"Tyrone 1994",105.475,63.325,115.08297369,20,275.25
"Irlande",106.9375,106.175,53.4178087501412,53.5,161.9
"Anarcsi tf",107.2125,32.675,156.92318914573,21.2,342.3
"Westfinnischerch",108.6875,70.025,96.0660135445066,44.95,249.75
"Conway",109.0125,107.15,49.4884561455161,56.85,164.9
"AJ 66/16/3/1/2",112.8625,54.975,129.026511326161,35.85,305.65
"NIDAR II",113.2375,80.375,107.830919924049,31.45,260.75
"SW Betania",113.525,118.85,91.515076171452,20,196.4
"Lipoplus",114.025,51.55,136.215500219322,35.05,317.95
"Svea",114.2875,79.675,114.889703447843,20,277.8
"Urai tf",114.325,105.6,101.592039550351,25,221.1
"Glasnevin success No 3",114.55,118.725,85.6075639181492,20,200.75
"Ayr Line",115.4875,94.525,106.291928001769,20,252.9
"Glasnevin Major",116.25,115,90.6275344473191,24.2,210.8
"Strind",117.075,27.45,184.256331867682,20,393.4
"Borowiak",118.1,96.1,84.5927991419286,44.8,235.4
"Hankkija-773",120.525,52.45,147.788252239479,35.6,341.6
"Hja 71801",121.2625,65.95,128.543795228189,41.05,312.1
"Kyto",121.2625,41.35,174.590871157878,20,382.35
"J geva Agu",124.275,88.775,131.618454253194,20.25,299.3
"Ranch",125.725,73.725,136.584787464295,28.3,327.15
"Grakall",125.8,60.15,151.833236370258,31.15,351.75
"White Superb",125.9,85.35,132.454444999026,20,312.9
"Rajala",129.675,122.125,127.240510451664,20,254.45
"Bogaty",130.1,138.525,107.004976519786,20,223.35
"Odin",130.225,77.475,153.686588549554,20,345.95
"Alsovadaszi D tf",132,127.125,121.057679090038,21.55,252.2
"Glasnevin Triumph",132.5375,111.35,121.327925989856,20,287.45
"Black",133.475,102.425,137.760568257636,20,309.05
"BO54/33/14",137.2625,128.85,134.879324922935,20,271.35
"Angus (Gartons 290)",141.4125,50.625,200.900939001456,22.6,441.8
"Daisy",145.4,59.975,196.353664765053,23.05,438.6
"Krezus",145.575,160.675,102.802452143257,24.55,236.4
"Cwal",146.9875,142.775,129.04711268241,20,282.4
"Stormont Arrow",149,172.05,56.2844561135666,66.5,185.4
"Martin",150.1,126.425,93.6292956290925,66.9,280.65
"Ungarischer",150.3,154.5,37.867356214379,106.65,185.55
"Ravazdi tf",152.1125,136.5,125.456309626101,25,310.45
"Cosaque",154.9875,150.15,108.174013938962,49.05,270.6
"Ryhti",155.175,155.575,144.566942394634,20,289.55
"Glasnevin success No 10",156.725,141.15,141.85643858023,20,324.6
"Bikini",160.875,130.95,146.089952312494,20,361.6
"Ecsi tf",164.375,83.25,212.451317953078,20,471
"Sorbo",165.85,164.4,162.239180430211,20.05,314.55
"Nidar Ii",165.8625,175.9,112.276870391902,20,291.65
"Norum",168.95,31.55,282.709798203034,20,592.7
"Freddy",171.0625,134.125,152.223844907207,33.6,382.4
"Vodka",173.4,169.7,163.859502826863,22.25,331.95
"J geva koidukaer",174.3375,147.775,182.080034485754,20,381.8
"Gordon",174.7125,150,183.147929167472,20,378.85
"OSMO II KAULIO AP0103",180.4625,87.1,215.018725444243,47.75,499.9
"Biri",181.0375,203.2,72.1308460946725,76.35,241.4
"Aspen",184.6625,77.125,252.947060913939,22.5,561.9
"Gniady",188.4,124.575,211.017151751542,24.05,480.4
"Linda",189.5125,157.875,107.690926381938,101.65,340.65
"Leila",194.5625,197.3,151.226245379784,41.95,341.7
"Ponta",195.225,121.475,234.347037887545,20,517.95
"Deresz",198.5,187.725,206.863727286024,20,398.55
"Lena",200.1875,145.025,169.251304155488,75.6,435.1
"Esa",202.3125,199.375,24.3521174644013,179.45,231.05
"Integrale",205.45,94.725,228.83805409066,83.75,548.6
"Fix",205.775,221.9,116.215536109994,49.5,329.8
"Sang",207.25,211.35,183.121858334826,21.2,385.1
"Hein II",209.575,102.225,280.444232424202,20,613.85
"Filong",212.375,179.55,185.522637881922,52.05,438.35
"Triumph",212.775,134.75,255.092716804433,20,561.6
"Nip",221.15,166.725,205.222387505197,37,514.15
"Aslak",233,231.975,64.1190689264902,174.65,293.4
"Glasnevin Bonstar",235.6625,253.825,190.788505833903,22.35,412.65
"Kapp",239.2,241.9,119.077425792353,125.4,347.6
"Bohun",240.2625,206.55,120.222726463566,146.95,401
"Tam Finlay",241.55,206.775,158.503853791214,111.9,440.75
"Maatiaiskaura NR 29871",247.025,252.05,244.561381184084,20,464
"Munin",268.9875,116.125,363.982614912214,37.4,806.3
"Ayr Commander",277.7875,127.425,385.870717501341,20,836.3
"Sisko",285.283333333333,321.041666666667,152.669044741304,73.1,425.95
"Furman",290.7125,62.025,473.151628929177,38.8,1000
"Stomormont Iris",341.5,188.875,442.969094106274,24.05,964.2
"Dippawski",347.7875,337.15,205.670624117787,117.75,599.1
"Lennon",349.7125,189.425,462.016591287586,20,1000
"Victor",390.7625,271.525,466.6908637328,20,1000
"Gunhild",413.3875,401.4,328.666346454374,105.75,745
"Pol",441.8625,338.775,303.385775800932,205,884.9
"Ayr Ally",449.625,320.425,377.620335125109,157.65,1000
"AJ 121/24",485.8875,440.625,429.79113023072,65.25,997.05
"SW Ingleborg",507.725,498.4,484.892590340033,34.1,1000
"Potato",533.0625,514.225,377.680158721194,103.8,1000
"Taplanszent Kereszti",538.9625,540.6,466.499416532325,74.65,1000
"Kent Berlie",572.975,577.425,493.139541610689,137.05,1000
