"Cultivar","Site","F_langsethiae_DNA"
"Sandy","UCD_Lyons",0.165588493201183
"Sandy","UCD_Lyons",0.328171896550227
"Sandy","UCD_Lyons",0.629582660595665
"Poretto","UCD_Lyons",0.265201887927038
"Poretto","UCD_Lyons",0.276915826905828
"Poretto","UCD_Lyons",1.58275004509897
"Stormont Arrow","UCD_Lyons",1.41294781643831
"Stormont Arrow","UCD_Lyons",0.641476560718326
"Stormont Arrow","UCD_Lyons",2.52607542034738
"Stork","UCD_Lyons",0.127592225084175
"Stork","UCD_Lyons",0.484830866191877
"Stork","UCD_Lyons",0.358533025925765
"SW Betania","UCD_Lyons",0.230869880799767
"SW Betania","UCD_Lyons",0.177770303939166
"SW Betania","UCD_Lyons",0.484448695197018
"Conway","UCD_Lyons",0.196398906634877
"Conway","UCD_Lyons",0.118150963840993
"Conway","UCD_Lyons",0.551079625909369
"Barra","UCD_Lyons",0.152803274770747
"Barra","UCD_Lyons",1.36880737045498
"Barra","UCD_Lyons",0.232312894221237
"Tempo","UCD_Lyons",0.184136824672744
"Tempo","UCD_Lyons",0.131042969023524
"Tempo","UCD_Lyons",0.106015322285394
"Lena","UCD_Lyons",0.313104842168798
"Lena","UCD_Lyons",0.140794971509068
"Lena","UCD_Lyons",0.496375686529083
"Husky","UCD_Lyons",0.390825676492002
"Husky","UCD_Lyons",0.582450788334128
"Hedvig","UCD_Lyons",0.222496298093597
"Hedvig","UCD_Lyons",0.469100003594683
"Hedvig","UCD_Lyons",0.285057545463809
"Glasnevin Major","UCD_Lyons",0.365331247289866
"Glasnevin Major","UCD_Lyons",0.136562661092813
"Glasnevin Major","UCD_Lyons",0.329519020010517
"021-S02011Au16","UCD_Lyons",0.981058472263419
"021-S02011Au16","UCD_Lyons",0.685857953800898
"021-S02011Au16","UCD_Lyons",0.632602446502979
"Milford","UCD_Lyons",0.127499309971672
"Milford","UCD_Lyons",0.0712800595253708
"Milford","UCD_Lyons",0.596338095192227
"Maldwyn","UCD_Lyons",0.569219551032599
"Maldwyn","UCD_Lyons",2.28889861074574
"Blythe","UCD_Lyons",0.78837758359084
"Blythe","UCD_Lyons",1.42093460261755
"Blythe","UCD_Lyons",0.42498075766607
"Jokikyla ME0501","UCD_Lyons",0.0170801867396745
"Jokikyla ME0501","UCD_Lyons",0
"Jokikyla ME0501","UCD_Lyons",0.0419469052373014
"Menai","UCD_Lyons",0.142194436096744
"Menai","UCD_Lyons",0.380193938557243
"Menai","UCD_Lyons",0.232577528384277
"070-S02011Au5","UCD_Lyons",1.84781260184291
"070-S02011Au5","UCD_Lyons",1.40663858813127
"Timpani","UCD_Lyons",0.51058838069859
"Timpani","UCD_Lyons",0.135911675227871
"Timpani","UCD_Lyons",0.140606991264094
"Caron","UCD_Lyons",0.464843491813981
"Caron","UCD_Lyons",1.04891011603977
"Caron","UCD_Lyons",0.15329244666516
"Milo","UCD_Lyons",0.350206520938489
"Milo","UCD_Lyons",0.574895990421315
"Milo","UCD_Lyons",0.201669043273836
"14579Cn1/1/1","UCD_Lyons",1.63902417294265
"14579Cn1/1/1","UCD_Lyons",1.15511678587465
"14579Cn1/1/1","UCD_Lyons",1.03525697171484
"Elen","UCD_Lyons",0.502096663953788
"Elen","UCD_Lyons",0.806383205201498
"Elen","UCD_Lyons",0.515099650453042
"Sandy","Teagasc",0.193269113116286
"Sandy","Teagasc",0.0692263225387999
"Sandy","Teagasc",0.271439768279268
"Poretto","Teagasc",0.242442785832373
"Poretto","Teagasc",0.500955233659143
"Poretto","Teagasc",0.576123438989542
"Stormont Arrow","Teagasc",1.28243470599962
"Stormont Arrow","Teagasc",5.27754536980141
"Stormont Arrow","Teagasc",1.69698226058084
"Stork","Teagasc",0.331683463734104
"Stork","Teagasc",0.353059313208406
"SW Betania","Teagasc",1.62947326639369
"SW Betania","Teagasc",0.961176876281426
"SW Betania","Teagasc",1.32344511155844
"Conway","Teagasc",0.290378473275781
"Conway","Teagasc",0.104427623969392
"Conway","Teagasc",0.301494768566907
"Barra","Teagasc",1.01745989169455
"Barra","Teagasc",0.379876974242553
"Barra","Teagasc",0.295990025627589
"Tempo","Teagasc",0.190483116364451
"Tempo","Teagasc",0.392424716507726
"Tempo","Teagasc",1.04884936706326
"Lena","Teagasc",5.9392384724848
"Lena","Teagasc",0.555888310391025
"Lena","Teagasc",1.9143398999133
"Husky","Teagasc",1.06086561587144
"Husky","Teagasc",0.422735208401368
"Husky","Teagasc",1.21688449210734
"Hedvig","Teagasc",1.36106351086776
"Hedvig","Teagasc",1.40622345997622
"Hedvig","Teagasc",0.503595378033525
"Glasnevin Major","Teagasc",0.42867262604173
"Glasnevin Major","Teagasc",0.554655387243592
"Glasnevin Major","Teagasc",1.01326859029018
"021-S02011Au16","Teagasc",2.37122789295505
"021-S02011Au16","Teagasc",2.22764772992331
"021-S02011Au16","Teagasc",2.40310528932096
"Elen","Teagasc",2.6782528107123
"Elen","Teagasc",3.15768852355679
"Elen","Teagasc",1.8579437931701
"Milford","Teagasc",0.349030474920965
"Milford","Teagasc",0.766592095720855
"Milford","Teagasc",1.62115568450481
"Maldwyn","Teagasc",2.37890711557536
"Maldwyn","Teagasc",2.24974214584012
"Blythe","Teagasc",2.51648783442458
"Blythe","Teagasc",3.33609304004458
"Blythe","Teagasc",1.73684600191498
"Jokikyla ME0501","Teagasc",0.180961307483471
"Jokikyla ME0501","Teagasc",0.543200789799476
"Jokikyla ME0501","Teagasc",0.840444259542381
"Menai","Teagasc",1.47376161379584
"Menai","Teagasc",1.89474207851643
"Menai","Teagasc",3.10822516510638
"070-S02011Au5","Teagasc",0.13628095752256
"070-S02011Au5","Teagasc",0.424977588938006
"070-S02011Au5","Teagasc",1.14497566965904
"Timpani","Teagasc",1.49156553685809
"Timpani","Teagasc",2.08955716065191
"Timpani","Teagasc",2.83145557094569
"Caron","Teagasc",1.13192530407998
"Caron","Teagasc",1.04789199948624
"Caron","Teagasc",1.02844587204214
"Milo","Teagasc",0.146551710117936
"Milo","Teagasc",0.234545236076773
"Milo","Teagasc",0.45898110707272
"14579Cn1/1/1","Teagasc",1.25720084276972
